id,type,title,status,iteration,estimate,actual,assignees
PVTI_lADOCU5NV84AcKb4zgMc_HY,DRAFT_ISSUE,Fixing/Recheck/Revisit Architecture That Supports the Models,None,Iteration 2,0.0,0.0,"['akraradets', 'anuj-guptaa', 'guntsvzz', 'anuj-guptaa', 'akraradets', 'cedriclemercier', 'cedriclemercier', 'cedriclemercier', 'amanda11233', 'amanda11233', 'amanda11233', 'amanda11233', 'amanda11233', 'cedriclemercier', 'amanda11233', 'cedriclemercier', 'amanda11233', 'cedriclemercier', 'amanda11233', 'cedriclemercier', 'SitthiwatDam', 'SitthiwatDam', 'SitthiwatDam', 'SitthiwatDam', 'SitthiwatDam', 'SitthiwatDam', 'amanda11233', 'amanda11233', 'cedriclemercier', 'guntsvzz', 'guntsvzz', 'guntsvzz', 'guntsvzz', 'anuj-guptaa', 'anuj-guptaa', 'anuj-guptaa', 'anuj-guptaa', 'anuj-guptaa', 'amanda11233', 'amanda11233', 'amanda11233', 'amanda11233', 'cedriclemercier', 'cedriclemercier', 'akraradets', 'cedriclemercier', 'SitthiwatDam', 'Rakshya8', 'anuj-guptaa', 'SitthiwatDam', 'anuj-guptaa', 'amanda11233', 'anuj-guptaa', 'SitthiwatDam', 'guntsvzz', 'SitthiwatDam', 'guntsvzz']"
PVTI_lADOCU5NV84AcKb4zgMelz8,ISSUE,Create fields for flow account form and DB schema,In progress,Iteration 2,0.0,0.0,"['akraradets', 'anuj-guptaa', 'guntsvzz', 'anuj-guptaa', 'akraradets', 'cedriclemercier', 'cedriclemercier', 'cedriclemercier', 'amanda11233', 'amanda11233', 'amanda11233', 'amanda11233', 'amanda11233', 'cedriclemercier', 'amanda11233', 'cedriclemercier', 'amanda11233', 'cedriclemercier', 'amanda11233', 'cedriclemercier', 'SitthiwatDam', 'SitthiwatDam', 'SitthiwatDam', 'SitthiwatDam', 'SitthiwatDam', 'SitthiwatDam', 'amanda11233', 'amanda11233', 'cedriclemercier', 'guntsvzz', 'guntsvzz', 'guntsvzz', 'guntsvzz', 'anuj-guptaa', 'anuj-guptaa', 'anuj-guptaa', 'anuj-guptaa', 'anuj-guptaa', 'amanda11233', 'amanda11233', 'amanda11233', 'amanda11233', 'cedriclemercier', 'cedriclemercier', 'akraradets', 'cedriclemercier', 'SitthiwatDam', 'Rakshya8', 'anuj-guptaa', 'SitthiwatDam', 'anuj-guptaa', 'amanda11233', 'anuj-guptaa', 'SitthiwatDam', 'guntsvzz', 'SitthiwatDam', 'guntsvzz']"
PVTI_lADOCU5NV84AcKb4zgMtovU,DRAFT_ISSUE,"Documentation - Model APIs - Text, Image, Table/Graph",Review,Iteration 2,0.0,0.0,"['akraradets', 'anuj-guptaa', 'guntsvzz', 'anuj-guptaa', 'akraradets', 'cedriclemercier', 'cedriclemercier', 'cedriclemercier', 'amanda11233', 'amanda11233', 'amanda11233', 'amanda11233', 'amanda11233', 'cedriclemercier', 'amanda11233', 'cedriclemercier', 'amanda11233', 'cedriclemercier', 'amanda11233', 'cedriclemercier', 'SitthiwatDam', 'SitthiwatDam', 'SitthiwatDam', 'SitthiwatDam', 'SitthiwatDam', 'SitthiwatDam', 'amanda11233', 'amanda11233', 'cedriclemercier', 'guntsvzz', 'guntsvzz', 'guntsvzz', 'guntsvzz', 'anuj-guptaa', 'anuj-guptaa', 'anuj-guptaa', 'anuj-guptaa', 'anuj-guptaa', 'amanda11233', 'amanda11233', 'amanda11233', 'amanda11233', 'cedriclemercier', 'cedriclemercier', 'akraradets', 'cedriclemercier', 'SitthiwatDam', 'Rakshya8', 'anuj-guptaa', 'SitthiwatDam', 'anuj-guptaa', 'amanda11233', 'anuj-guptaa', 'SitthiwatDam', 'guntsvzz', 'SitthiwatDam', 'guntsvzz']"
PVTI_lADOCU5NV84AcKb4zgMnDvg,DRAFT_ISSUE,Seamless Front/Backend API integration,In progress,Iteration 2,0.0,0.0,"['akraradets', 'anuj-guptaa', 'guntsvzz', 'anuj-guptaa', 'akraradets', 'cedriclemercier', 'cedriclemercier', 'cedriclemercier', 'amanda11233', 'amanda11233', 'amanda11233', 'amanda11233', 'amanda11233', 'cedriclemercier', 'amanda11233', 'cedriclemercier', 'amanda11233', 'cedriclemercier', 'amanda11233', 'cedriclemercier', 'SitthiwatDam', 'SitthiwatDam', 'SitthiwatDam', 'SitthiwatDam', 'SitthiwatDam', 'SitthiwatDam', 'amanda11233', 'amanda11233', 'cedriclemercier', 'guntsvzz', 'guntsvzz', 'guntsvzz', 'guntsvzz', 'anuj-guptaa', 'anuj-guptaa', 'anuj-guptaa', 'anuj-guptaa', 'anuj-guptaa', 'amanda11233', 'amanda11233', 'amanda11233', 'amanda11233', 'cedriclemercier', 'cedriclemercier', 'akraradets', 'cedriclemercier', 'SitthiwatDam', 'Rakshya8', 'anuj-guptaa', 'SitthiwatDam', 'anuj-guptaa', 'amanda11233', 'anuj-guptaa', 'SitthiwatDam', 'guntsvzz', 'SitthiwatDam', 'guntsvzz']"
PVTI_lADOCU5NV84AcKb4zgMc_Rc,DRAFT_ISSUE,PDPA - end-to-end encryption,Done,Iteration 1,0.0,0.0,"['akraradets', 'anuj-guptaa', 'guntsvzz', 'anuj-guptaa', 'akraradets', 'cedriclemercier', 'cedriclemercier', 'cedriclemercier', 'amanda11233', 'amanda11233', 'amanda11233', 'amanda11233', 'amanda11233', 'cedriclemercier', 'amanda11233', 'cedriclemercier', 'amanda11233', 'cedriclemercier', 'amanda11233', 'cedriclemercier', 'SitthiwatDam', 'SitthiwatDam', 'SitthiwatDam', 'SitthiwatDam', 'SitthiwatDam', 'SitthiwatDam', 'amanda11233', 'amanda11233', 'cedriclemercier', 'guntsvzz', 'guntsvzz', 'guntsvzz', 'guntsvzz', 'anuj-guptaa', 'anuj-guptaa', 'anuj-guptaa', 'anuj-guptaa', 'anuj-guptaa', 'amanda11233', 'amanda11233', 'amanda11233', 'amanda11233', 'cedriclemercier', 'cedriclemercier', 'akraradets', 'cedriclemercier', 'SitthiwatDam', 'Rakshya8', 'anuj-guptaa', 'SitthiwatDam', 'anuj-guptaa', 'amanda11233', 'anuj-guptaa', 'SitthiwatDam', 'guntsvzz', 'SitthiwatDam', 'guntsvzz']"
PVTI_lADOCU5NV84AcKb4zgMn_OA,ISSUE,Input 10+ pages text and then turn it into json format,Done,Iteration 1,0.0,0.0,"['akraradets', 'anuj-guptaa', 'guntsvzz', 'anuj-guptaa', 'akraradets', 'cedriclemercier', 'cedriclemercier', 'cedriclemercier', 'amanda11233', 'amanda11233', 'amanda11233', 'amanda11233', 'amanda11233', 'cedriclemercier', 'amanda11233', 'cedriclemercier', 'amanda11233', 'cedriclemercier', 'amanda11233', 'cedriclemercier', 'SitthiwatDam', 'SitthiwatDam', 'SitthiwatDam', 'SitthiwatDam', 'SitthiwatDam', 'SitthiwatDam', 'amanda11233', 'amanda11233', 'cedriclemercier', 'guntsvzz', 'guntsvzz', 'guntsvzz', 'guntsvzz', 'anuj-guptaa', 'anuj-guptaa', 'anuj-guptaa', 'anuj-guptaa', 'anuj-guptaa', 'amanda11233', 'amanda11233', 'amanda11233', 'amanda11233', 'cedriclemercier', 'cedriclemercier', 'akraradets', 'cedriclemercier', 'SitthiwatDam', 'Rakshya8', 'anuj-guptaa', 'SitthiwatDam', 'anuj-guptaa', 'amanda11233', 'anuj-guptaa', 'SitthiwatDam', 'guntsvzz', 'SitthiwatDam', 'guntsvzz']"
PVTI_lADOCU5NV84AcKb4zgMp7gY,ISSUE,Make first 3 pages to look like Starbucks,Done,Iteration 1,0.0,0.0,"['akraradets', 'anuj-guptaa', 'guntsvzz', 'anuj-guptaa', 'akraradets', 'cedriclemercier', 'cedriclemercier', 'cedriclemercier', 'amanda11233', 'amanda11233', 'amanda11233', 'amanda11233', 'amanda11233', 'cedriclemercier', 'amanda11233', 'cedriclemercier', 'amanda11233', 'cedriclemercier', 'amanda11233', 'cedriclemercier', 'SitthiwatDam', 'SitthiwatDam', 'SitthiwatDam', 'SitthiwatDam', 'SitthiwatDam', 'SitthiwatDam', 'amanda11233', 'amanda11233', 'cedriclemercier', 'guntsvzz', 'guntsvzz', 'guntsvzz', 'guntsvzz', 'anuj-guptaa', 'anuj-guptaa', 'anuj-guptaa', 'anuj-guptaa', 'anuj-guptaa', 'amanda11233', 'amanda11233', 'amanda11233', 'amanda11233', 'cedriclemercier', 'cedriclemercier', 'akraradets', 'cedriclemercier', 'SitthiwatDam', 'Rakshya8', 'anuj-guptaa', 'SitthiwatDam', 'anuj-guptaa', 'amanda11233', 'anuj-guptaa', 'SitthiwatDam', 'guntsvzz', 'SitthiwatDam', 'guntsvzz']"
PVTI_lADOCU5NV84AcKb4zgMdAGA,ISSUE,Research on canva sdk (useful for us/better than PSPDF?),Done,Iteration 1,0.0,0.0,"['akraradets', 'anuj-guptaa', 'guntsvzz', 'anuj-guptaa', 'akraradets', 'cedriclemercier', 'cedriclemercier', 'cedriclemercier', 'amanda11233', 'amanda11233', 'amanda11233', 'amanda11233', 'amanda11233', 'cedriclemercier', 'amanda11233', 'cedriclemercier', 'amanda11233', 'cedriclemercier', 'amanda11233', 'cedriclemercier', 'SitthiwatDam', 'SitthiwatDam', 'SitthiwatDam', 'SitthiwatDam', 'SitthiwatDam', 'SitthiwatDam', 'amanda11233', 'amanda11233', 'cedriclemercier', 'guntsvzz', 'guntsvzz', 'guntsvzz', 'guntsvzz', 'anuj-guptaa', 'anuj-guptaa', 'anuj-guptaa', 'anuj-guptaa', 'anuj-guptaa', 'amanda11233', 'amanda11233', 'amanda11233', 'amanda11233', 'cedriclemercier', 'cedriclemercier', 'akraradets', 'cedriclemercier', 'SitthiwatDam', 'Rakshya8', 'anuj-guptaa', 'SitthiwatDam', 'anuj-guptaa', 'amanda11233', 'anuj-guptaa', 'SitthiwatDam', 'guntsvzz', 'SitthiwatDam', 'guntsvzz']"
PVTI_lADOCU5NV84AcKb4zgMuSfA,ISSUE,Takes in text and split into chunks and render a nice Starbucks like PDF,Done,Iteration 1,0.0,0.0,"['akraradets', 'anuj-guptaa', 'guntsvzz', 'anuj-guptaa', 'akraradets', 'cedriclemercier', 'cedriclemercier', 'cedriclemercier', 'amanda11233', 'amanda11233', 'amanda11233', 'amanda11233', 'amanda11233', 'cedriclemercier', 'amanda11233', 'cedriclemercier', 'amanda11233', 'cedriclemercier', 'amanda11233', 'cedriclemercier', 'SitthiwatDam', 'SitthiwatDam', 'SitthiwatDam', 'SitthiwatDam', 'SitthiwatDam', 'SitthiwatDam', 'amanda11233', 'amanda11233', 'cedriclemercier', 'guntsvzz', 'guntsvzz', 'guntsvzz', 'guntsvzz', 'anuj-guptaa', 'anuj-guptaa', 'anuj-guptaa', 'anuj-guptaa', 'anuj-guptaa', 'amanda11233', 'amanda11233', 'amanda11233', 'amanda11233', 'cedriclemercier', 'cedriclemercier', 'akraradets', 'cedriclemercier', 'SitthiwatDam', 'Rakshya8', 'anuj-guptaa', 'SitthiwatDam', 'anuj-guptaa', 'amanda11233', 'anuj-guptaa', 'SitthiwatDam', 'guntsvzz', 'SitthiwatDam', 'guntsvzz']"
PVTI_lADOCU5NV84AcKb4zgMsADc,ISSUE,"Add Organization profile page (just frontend, no saving to database)",Done,Iteration 1,0.0,0.0,"['akraradets', 'anuj-guptaa', 'guntsvzz', 'anuj-guptaa', 'akraradets', 'cedriclemercier', 'cedriclemercier', 'cedriclemercier', 'amanda11233', 'amanda11233', 'amanda11233', 'amanda11233', 'amanda11233', 'cedriclemercier', 'amanda11233', 'cedriclemercier', 'amanda11233', 'cedriclemercier', 'amanda11233', 'cedriclemercier', 'SitthiwatDam', 'SitthiwatDam', 'SitthiwatDam', 'SitthiwatDam', 'SitthiwatDam', 'SitthiwatDam', 'amanda11233', 'amanda11233', 'cedriclemercier', 'guntsvzz', 'guntsvzz', 'guntsvzz', 'guntsvzz', 'anuj-guptaa', 'anuj-guptaa', 'anuj-guptaa', 'anuj-guptaa', 'anuj-guptaa', 'amanda11233', 'amanda11233', 'amanda11233', 'amanda11233', 'cedriclemercier', 'cedriclemercier', 'akraradets', 'cedriclemercier', 'SitthiwatDam', 'Rakshya8', 'anuj-guptaa', 'SitthiwatDam', 'anuj-guptaa', 'amanda11233', 'anuj-guptaa', 'SitthiwatDam', 'guntsvzz', 'SitthiwatDam', 'guntsvzz']"
PVTI_lADOCU5NV84AcKb4zgMnkcc,ISSUE,Create Dashboard frontend from Sitthiwat's Mockup,Done,Iteration 1,0.0,0.0,"['akraradets', 'anuj-guptaa', 'guntsvzz', 'anuj-guptaa', 'akraradets', 'cedriclemercier', 'cedriclemercier', 'cedriclemercier', 'amanda11233', 'amanda11233', 'amanda11233', 'amanda11233', 'amanda11233', 'cedriclemercier', 'amanda11233', 'cedriclemercier', 'amanda11233', 'cedriclemercier', 'amanda11233', 'cedriclemercier', 'SitthiwatDam', 'SitthiwatDam', 'SitthiwatDam', 'SitthiwatDam', 'SitthiwatDam', 'SitthiwatDam', 'amanda11233', 'amanda11233', 'cedriclemercier', 'guntsvzz', 'guntsvzz', 'guntsvzz', 'guntsvzz', 'anuj-guptaa', 'anuj-guptaa', 'anuj-guptaa', 'anuj-guptaa', 'anuj-guptaa', 'amanda11233', 'amanda11233', 'amanda11233', 'amanda11233', 'cedriclemercier', 'cedriclemercier', 'akraradets', 'cedriclemercier', 'SitthiwatDam', 'Rakshya8', 'anuj-guptaa', 'SitthiwatDam', 'anuj-guptaa', 'amanda11233', 'anuj-guptaa', 'SitthiwatDam', 'guntsvzz', 'SitthiwatDam', 'guntsvzz']"
PVTI_lADOCU5NV84AcKb4zgMkq5Y,ISSUE,PDF Preview,Done,Iteration 1,0.0,0.0,"['akraradets', 'anuj-guptaa', 'guntsvzz', 'anuj-guptaa', 'akraradets', 'cedriclemercier', 'cedriclemercier', 'cedriclemercier', 'amanda11233', 'amanda11233', 'amanda11233', 'amanda11233', 'amanda11233', 'cedriclemercier', 'amanda11233', 'cedriclemercier', 'amanda11233', 'cedriclemercier', 'amanda11233', 'cedriclemercier', 'SitthiwatDam', 'SitthiwatDam', 'SitthiwatDam', 'SitthiwatDam', 'SitthiwatDam', 'SitthiwatDam', 'amanda11233', 'amanda11233', 'cedriclemercier', 'guntsvzz', 'guntsvzz', 'guntsvzz', 'guntsvzz', 'anuj-guptaa', 'anuj-guptaa', 'anuj-guptaa', 'anuj-guptaa', 'anuj-guptaa', 'amanda11233', 'amanda11233', 'amanda11233', 'amanda11233', 'cedriclemercier', 'cedriclemercier', 'akraradets', 'cedriclemercier', 'SitthiwatDam', 'Rakshya8', 'anuj-guptaa', 'SitthiwatDam', 'anuj-guptaa', 'amanda11233', 'anuj-guptaa', 'SitthiwatDam', 'guntsvzz', 'SitthiwatDam', 'guntsvzz']"
PVTI_lADOCU5NV84AcKb4zgMeqVI,DRAFT_ISSUE,Create a html layout for pdf report,Done,Iteration 1,0.0,0.0,"['akraradets', 'anuj-guptaa', 'guntsvzz', 'anuj-guptaa', 'akraradets', 'cedriclemercier', 'cedriclemercier', 'cedriclemercier', 'amanda11233', 'amanda11233', 'amanda11233', 'amanda11233', 'amanda11233', 'cedriclemercier', 'amanda11233', 'cedriclemercier', 'amanda11233', 'cedriclemercier', 'amanda11233', 'cedriclemercier', 'SitthiwatDam', 'SitthiwatDam', 'SitthiwatDam', 'SitthiwatDam', 'SitthiwatDam', 'SitthiwatDam', 'amanda11233', 'amanda11233', 'cedriclemercier', 'guntsvzz', 'guntsvzz', 'guntsvzz', 'guntsvzz', 'anuj-guptaa', 'anuj-guptaa', 'anuj-guptaa', 'anuj-guptaa', 'anuj-guptaa', 'amanda11233', 'amanda11233', 'amanda11233', 'amanda11233', 'cedriclemercier', 'cedriclemercier', 'akraradets', 'cedriclemercier', 'SitthiwatDam', 'Rakshya8', 'anuj-guptaa', 'SitthiwatDam', 'anuj-guptaa', 'amanda11233', 'anuj-guptaa', 'SitthiwatDam', 'guntsvzz', 'SitthiwatDam', 'guntsvzz']"
PVTI_lADOCU5NV84AcKb4zgMjHsM,ISSUE,Automatic HTML DOM building for PDF: Make simple layout,Done,Iteration 1,0.0,0.0,"['akraradets', 'anuj-guptaa', 'guntsvzz', 'anuj-guptaa', 'akraradets', 'cedriclemercier', 'cedriclemercier', 'cedriclemercier', 'amanda11233', 'amanda11233', 'amanda11233', 'amanda11233', 'amanda11233', 'cedriclemercier', 'amanda11233', 'cedriclemercier', 'amanda11233', 'cedriclemercier', 'amanda11233', 'cedriclemercier', 'SitthiwatDam', 'SitthiwatDam', 'SitthiwatDam', 'SitthiwatDam', 'SitthiwatDam', 'SitthiwatDam', 'amanda11233', 'amanda11233', 'cedriclemercier', 'guntsvzz', 'guntsvzz', 'guntsvzz', 'guntsvzz', 'anuj-guptaa', 'anuj-guptaa', 'anuj-guptaa', 'anuj-guptaa', 'anuj-guptaa', 'amanda11233', 'amanda11233', 'amanda11233', 'amanda11233', 'cedriclemercier', 'cedriclemercier', 'akraradets', 'cedriclemercier', 'SitthiwatDam', 'Rakshya8', 'anuj-guptaa', 'SitthiwatDam', 'anuj-guptaa', 'amanda11233', 'anuj-guptaa', 'SitthiwatDam', 'guntsvzz', 'SitthiwatDam', 'guntsvzz']"
PVTI_lADOCU5NV84AcKb4zgMg81A,DRAFT_ISSUE,Create 2-3 pdf design themes to use within app,Done,Iteration 1,0.0,0.0,"['akraradets', 'anuj-guptaa', 'guntsvzz', 'anuj-guptaa', 'akraradets', 'cedriclemercier', 'cedriclemercier', 'cedriclemercier', 'amanda11233', 'amanda11233', 'amanda11233', 'amanda11233', 'amanda11233', 'cedriclemercier', 'amanda11233', 'cedriclemercier', 'amanda11233', 'cedriclemercier', 'amanda11233', 'cedriclemercier', 'SitthiwatDam', 'SitthiwatDam', 'SitthiwatDam', 'SitthiwatDam', 'SitthiwatDam', 'SitthiwatDam', 'amanda11233', 'amanda11233', 'cedriclemercier', 'guntsvzz', 'guntsvzz', 'guntsvzz', 'guntsvzz', 'anuj-guptaa', 'anuj-guptaa', 'anuj-guptaa', 'anuj-guptaa', 'anuj-guptaa', 'amanda11233', 'amanda11233', 'amanda11233', 'amanda11233', 'cedriclemercier', 'cedriclemercier', 'akraradets', 'cedriclemercier', 'SitthiwatDam', 'Rakshya8', 'anuj-guptaa', 'SitthiwatDam', 'anuj-guptaa', 'amanda11233', 'anuj-guptaa', 'SitthiwatDam', 'guntsvzz', 'SitthiwatDam', 'guntsvzz']"
PVTI_lADOCU5NV84AcKb4zgMdAic,DRAFT_ISSUE,Create HTML design for the PDF,Done,Iteration 1,0.0,0.0,"['akraradets', 'anuj-guptaa', 'guntsvzz', 'anuj-guptaa', 'akraradets', 'cedriclemercier', 'cedriclemercier', 'cedriclemercier', 'amanda11233', 'amanda11233', 'amanda11233', 'amanda11233', 'amanda11233', 'cedriclemercier', 'amanda11233', 'cedriclemercier', 'amanda11233', 'cedriclemercier', 'amanda11233', 'cedriclemercier', 'SitthiwatDam', 'SitthiwatDam', 'SitthiwatDam', 'SitthiwatDam', 'SitthiwatDam', 'SitthiwatDam', 'amanda11233', 'amanda11233', 'cedriclemercier', 'guntsvzz', 'guntsvzz', 'guntsvzz', 'guntsvzz', 'anuj-guptaa', 'anuj-guptaa', 'anuj-guptaa', 'anuj-guptaa', 'anuj-guptaa', 'amanda11233', 'amanda11233', 'amanda11233', 'amanda11233', 'cedriclemercier', 'cedriclemercier', 'akraradets', 'cedriclemercier', 'SitthiwatDam', 'Rakshya8', 'anuj-guptaa', 'SitthiwatDam', 'anuj-guptaa', 'amanda11233', 'anuj-guptaa', 'SitthiwatDam', 'guntsvzz', 'SitthiwatDam', 'guntsvzz']"
PVTI_lADOCU5NV84AcKb4zgMdAPE,DRAFT_ISSUE,Further Q&A with pspdf see if it fits our specific need,Done,Iteration 1,0.0,0.0,"['akraradets', 'anuj-guptaa', 'guntsvzz', 'anuj-guptaa', 'akraradets', 'cedriclemercier', 'cedriclemercier', 'cedriclemercier', 'amanda11233', 'amanda11233', 'amanda11233', 'amanda11233', 'amanda11233', 'cedriclemercier', 'amanda11233', 'cedriclemercier', 'amanda11233', 'cedriclemercier', 'amanda11233', 'cedriclemercier', 'SitthiwatDam', 'SitthiwatDam', 'SitthiwatDam', 'SitthiwatDam', 'SitthiwatDam', 'SitthiwatDam', 'amanda11233', 'amanda11233', 'cedriclemercier', 'guntsvzz', 'guntsvzz', 'guntsvzz', 'guntsvzz', 'anuj-guptaa', 'anuj-guptaa', 'anuj-guptaa', 'anuj-guptaa', 'anuj-guptaa', 'amanda11233', 'amanda11233', 'amanda11233', 'amanda11233', 'cedriclemercier', 'cedriclemercier', 'akraradets', 'cedriclemercier', 'SitthiwatDam', 'Rakshya8', 'anuj-guptaa', 'SitthiwatDam', 'anuj-guptaa', 'amanda11233', 'anuj-guptaa', 'SitthiwatDam', 'guntsvzz', 'SitthiwatDam', 'guntsvzz']"
PVTI_lADOCU5NV84AcKb4zgMc_fw,ISSUE,Identifying ESG Report features,Done,Iteration 1,0.0,0.0,"['akraradets', 'anuj-guptaa', 'guntsvzz', 'anuj-guptaa', 'akraradets', 'cedriclemercier', 'cedriclemercier', 'cedriclemercier', 'amanda11233', 'amanda11233', 'amanda11233', 'amanda11233', 'amanda11233', 'cedriclemercier', 'amanda11233', 'cedriclemercier', 'amanda11233', 'cedriclemercier', 'amanda11233', 'cedriclemercier', 'SitthiwatDam', 'SitthiwatDam', 'SitthiwatDam', 'SitthiwatDam', 'SitthiwatDam', 'SitthiwatDam', 'amanda11233', 'amanda11233', 'cedriclemercier', 'guntsvzz', 'guntsvzz', 'guntsvzz', 'guntsvzz', 'anuj-guptaa', 'anuj-guptaa', 'anuj-guptaa', 'anuj-guptaa', 'anuj-guptaa', 'amanda11233', 'amanda11233', 'amanda11233', 'amanda11233', 'cedriclemercier', 'cedriclemercier', 'akraradets', 'cedriclemercier', 'SitthiwatDam', 'Rakshya8', 'anuj-guptaa', 'SitthiwatDam', 'anuj-guptaa', 'amanda11233', 'anuj-guptaa', 'SitthiwatDam', 'guntsvzz', 'SitthiwatDam', 'guntsvzz']"
PVTI_lADOCU5NV84AcKb4zgMc_QU,ISSUE,Contacting the contact person,Done,Iteration 1,0.0,0.0,"['akraradets', 'anuj-guptaa', 'guntsvzz', 'anuj-guptaa', 'akraradets', 'cedriclemercier', 'cedriclemercier', 'cedriclemercier', 'amanda11233', 'amanda11233', 'amanda11233', 'amanda11233', 'amanda11233', 'cedriclemercier', 'amanda11233', 'cedriclemercier', 'amanda11233', 'cedriclemercier', 'amanda11233', 'cedriclemercier', 'SitthiwatDam', 'SitthiwatDam', 'SitthiwatDam', 'SitthiwatDam', 'SitthiwatDam', 'SitthiwatDam', 'amanda11233', 'amanda11233', 'cedriclemercier', 'guntsvzz', 'guntsvzz', 'guntsvzz', 'guntsvzz', 'anuj-guptaa', 'anuj-guptaa', 'anuj-guptaa', 'anuj-guptaa', 'anuj-guptaa', 'amanda11233', 'amanda11233', 'amanda11233', 'amanda11233', 'cedriclemercier', 'cedriclemercier', 'akraradets', 'cedriclemercier', 'SitthiwatDam', 'Rakshya8', 'anuj-guptaa', 'SitthiwatDam', 'anuj-guptaa', 'amanda11233', 'anuj-guptaa', 'SitthiwatDam', 'guntsvzz', 'SitthiwatDam', 'guntsvzz']"
PVTI_lADOCU5NV84AcKb4zgMc_eY,DRAFT_ISSUE,Draft the main page with function nav bar,Done,Iteration 1,0.0,0.0,"['akraradets', 'anuj-guptaa', 'guntsvzz', 'anuj-guptaa', 'akraradets', 'cedriclemercier', 'cedriclemercier', 'cedriclemercier', 'amanda11233', 'amanda11233', 'amanda11233', 'amanda11233', 'amanda11233', 'cedriclemercier', 'amanda11233', 'cedriclemercier', 'amanda11233', 'cedriclemercier', 'amanda11233', 'cedriclemercier', 'SitthiwatDam', 'SitthiwatDam', 'SitthiwatDam', 'SitthiwatDam', 'SitthiwatDam', 'SitthiwatDam', 'amanda11233', 'amanda11233', 'cedriclemercier', 'guntsvzz', 'guntsvzz', 'guntsvzz', 'guntsvzz', 'anuj-guptaa', 'anuj-guptaa', 'anuj-guptaa', 'anuj-guptaa', 'anuj-guptaa', 'amanda11233', 'amanda11233', 'amanda11233', 'amanda11233', 'cedriclemercier', 'cedriclemercier', 'akraradets', 'cedriclemercier', 'SitthiwatDam', 'Rakshya8', 'anuj-guptaa', 'SitthiwatDam', 'anuj-guptaa', 'amanda11233', 'anuj-guptaa', 'SitthiwatDam', 'guntsvzz', 'SitthiwatDam', 'guntsvzz']"
PVTI_lADOCU5NV84AcKb4zgMc_co,DRAFT_ISSUE,Draft the mockup for Enviromental part,Done,Iteration 1,0.0,0.0,"['akraradets', 'anuj-guptaa', 'guntsvzz', 'anuj-guptaa', 'akraradets', 'cedriclemercier', 'cedriclemercier', 'cedriclemercier', 'amanda11233', 'amanda11233', 'amanda11233', 'amanda11233', 'amanda11233', 'cedriclemercier', 'amanda11233', 'cedriclemercier', 'amanda11233', 'cedriclemercier', 'amanda11233', 'cedriclemercier', 'SitthiwatDam', 'SitthiwatDam', 'SitthiwatDam', 'SitthiwatDam', 'SitthiwatDam', 'SitthiwatDam', 'amanda11233', 'amanda11233', 'cedriclemercier', 'guntsvzz', 'guntsvzz', 'guntsvzz', 'guntsvzz', 'anuj-guptaa', 'anuj-guptaa', 'anuj-guptaa', 'anuj-guptaa', 'anuj-guptaa', 'amanda11233', 'amanda11233', 'amanda11233', 'amanda11233', 'cedriclemercier', 'cedriclemercier', 'akraradets', 'cedriclemercier', 'SitthiwatDam', 'Rakshya8', 'anuj-guptaa', 'SitthiwatDam', 'anuj-guptaa', 'amanda11233', 'anuj-guptaa', 'SitthiwatDam', 'guntsvzz', 'SitthiwatDam', 'guntsvzz']"
PVTI_lADOCU5NV84AcKb4zgMc_Xg,DRAFT_ISSUE,Draft the mockup for Governance part,Done,Iteration 1,0.0,0.0,"['akraradets', 'anuj-guptaa', 'guntsvzz', 'anuj-guptaa', 'akraradets', 'cedriclemercier', 'cedriclemercier', 'cedriclemercier', 'amanda11233', 'amanda11233', 'amanda11233', 'amanda11233', 'amanda11233', 'cedriclemercier', 'amanda11233', 'cedriclemercier', 'amanda11233', 'cedriclemercier', 'amanda11233', 'cedriclemercier', 'SitthiwatDam', 'SitthiwatDam', 'SitthiwatDam', 'SitthiwatDam', 'SitthiwatDam', 'SitthiwatDam', 'amanda11233', 'amanda11233', 'cedriclemercier', 'guntsvzz', 'guntsvzz', 'guntsvzz', 'guntsvzz', 'anuj-guptaa', 'anuj-guptaa', 'anuj-guptaa', 'anuj-guptaa', 'anuj-guptaa', 'amanda11233', 'amanda11233', 'amanda11233', 'amanda11233', 'cedriclemercier', 'cedriclemercier', 'akraradets', 'cedriclemercier', 'SitthiwatDam', 'Rakshya8', 'anuj-guptaa', 'SitthiwatDam', 'anuj-guptaa', 'amanda11233', 'anuj-guptaa', 'SitthiwatDam', 'guntsvzz', 'SitthiwatDam', 'guntsvzz']"
PVTI_lADOCU5NV84AcKb4zgMc_U0,DRAFT_ISSUE,Draft the mockup for Social part,Done,Iteration 1,0.0,0.0,"['akraradets', 'anuj-guptaa', 'guntsvzz', 'anuj-guptaa', 'akraradets', 'cedriclemercier', 'cedriclemercier', 'cedriclemercier', 'amanda11233', 'amanda11233', 'amanda11233', 'amanda11233', 'amanda11233', 'cedriclemercier', 'amanda11233', 'cedriclemercier', 'amanda11233', 'cedriclemercier', 'amanda11233', 'cedriclemercier', 'SitthiwatDam', 'SitthiwatDam', 'SitthiwatDam', 'SitthiwatDam', 'SitthiwatDam', 'SitthiwatDam', 'amanda11233', 'amanda11233', 'cedriclemercier', 'guntsvzz', 'guntsvzz', 'guntsvzz', 'guntsvzz', 'anuj-guptaa', 'anuj-guptaa', 'anuj-guptaa', 'anuj-guptaa', 'anuj-guptaa', 'amanda11233', 'amanda11233', 'amanda11233', 'amanda11233', 'cedriclemercier', 'cedriclemercier', 'akraradets', 'cedriclemercier', 'SitthiwatDam', 'Rakshya8', 'anuj-guptaa', 'SitthiwatDam', 'anuj-guptaa', 'amanda11233', 'anuj-guptaa', 'SitthiwatDam', 'guntsvzz', 'SitthiwatDam', 'guntsvzz']"
PVTI_lADOCU5NV84AcKb4zgMdADw,DRAFT_ISSUE,Research on wireframe generation model (for PDF),Backlog,,0.0,0.0,"['akraradets', 'anuj-guptaa', 'guntsvzz', 'anuj-guptaa', 'akraradets', 'cedriclemercier', 'cedriclemercier', 'cedriclemercier', 'amanda11233', 'amanda11233', 'amanda11233', 'amanda11233', 'amanda11233', 'cedriclemercier', 'amanda11233', 'cedriclemercier', 'amanda11233', 'cedriclemercier', 'amanda11233', 'cedriclemercier', 'SitthiwatDam', 'SitthiwatDam', 'SitthiwatDam', 'SitthiwatDam', 'SitthiwatDam', 'SitthiwatDam', 'amanda11233', 'amanda11233', 'cedriclemercier', 'guntsvzz', 'guntsvzz', 'guntsvzz', 'guntsvzz', 'anuj-guptaa', 'anuj-guptaa', 'anuj-guptaa', 'anuj-guptaa', 'anuj-guptaa', 'amanda11233', 'amanda11233', 'amanda11233', 'amanda11233', 'cedriclemercier', 'cedriclemercier', 'akraradets', 'cedriclemercier', 'SitthiwatDam', 'Rakshya8', 'anuj-guptaa', 'SitthiwatDam', 'anuj-guptaa', 'amanda11233', 'anuj-guptaa', 'SitthiwatDam', 'guntsvzz', 'SitthiwatDam', 'guntsvzz']"
PVTI_lADOCU5NV84AcKb4zgMoGPQ,ISSUE,"Identify solution in which user can mentally map which field links to which output, so they can revise accordingly.",Backlog,Iteration 2,0.0,0.0,"['akraradets', 'anuj-guptaa', 'guntsvzz', 'anuj-guptaa', 'akraradets', 'cedriclemercier', 'cedriclemercier', 'cedriclemercier', 'amanda11233', 'amanda11233', 'amanda11233', 'amanda11233', 'amanda11233', 'cedriclemercier', 'amanda11233', 'cedriclemercier', 'amanda11233', 'cedriclemercier', 'amanda11233', 'cedriclemercier', 'SitthiwatDam', 'SitthiwatDam', 'SitthiwatDam', 'SitthiwatDam', 'SitthiwatDam', 'SitthiwatDam', 'amanda11233', 'amanda11233', 'cedriclemercier', 'guntsvzz', 'guntsvzz', 'guntsvzz', 'guntsvzz', 'anuj-guptaa', 'anuj-guptaa', 'anuj-guptaa', 'anuj-guptaa', 'anuj-guptaa', 'amanda11233', 'amanda11233', 'amanda11233', 'amanda11233', 'cedriclemercier', 'cedriclemercier', 'akraradets', 'cedriclemercier', 'SitthiwatDam', 'Rakshya8', 'anuj-guptaa', 'SitthiwatDam', 'anuj-guptaa', 'amanda11233', 'anuj-guptaa', 'SitthiwatDam', 'guntsvzz', 'SitthiwatDam', 'guntsvzz']"
PVTI_lADOCU5NV84AcKb4zgMefTU,DRAFT_ISSUE,Optimize the nuxt application,Backlog,Iteration 2,0.0,0.0,"['akraradets', 'anuj-guptaa', 'guntsvzz', 'anuj-guptaa', 'akraradets', 'cedriclemercier', 'cedriclemercier', 'cedriclemercier', 'amanda11233', 'amanda11233', 'amanda11233', 'amanda11233', 'amanda11233', 'cedriclemercier', 'amanda11233', 'cedriclemercier', 'amanda11233', 'cedriclemercier', 'amanda11233', 'cedriclemercier', 'SitthiwatDam', 'SitthiwatDam', 'SitthiwatDam', 'SitthiwatDam', 'SitthiwatDam', 'SitthiwatDam', 'amanda11233', 'amanda11233', 'cedriclemercier', 'guntsvzz', 'guntsvzz', 'guntsvzz', 'guntsvzz', 'anuj-guptaa', 'anuj-guptaa', 'anuj-guptaa', 'anuj-guptaa', 'anuj-guptaa', 'amanda11233', 'amanda11233', 'amanda11233', 'amanda11233', 'cedriclemercier', 'cedriclemercier', 'akraradets', 'cedriclemercier', 'SitthiwatDam', 'Rakshya8', 'anuj-guptaa', 'SitthiwatDam', 'anuj-guptaa', 'amanda11233', 'anuj-guptaa', 'SitthiwatDam', 'guntsvzz', 'SitthiwatDam', 'guntsvzz']"
PVTI_lADOCU5NV84AcKb4zgMtpD4,DRAFT_ISSUE,Save the generated image to blob storage,Done,Iteration 1,0.0,0.0,"['akraradets', 'anuj-guptaa', 'guntsvzz', 'anuj-guptaa', 'akraradets', 'cedriclemercier', 'cedriclemercier', 'cedriclemercier', 'amanda11233', 'amanda11233', 'amanda11233', 'amanda11233', 'amanda11233', 'cedriclemercier', 'amanda11233', 'cedriclemercier', 'amanda11233', 'cedriclemercier', 'amanda11233', 'cedriclemercier', 'SitthiwatDam', 'SitthiwatDam', 'SitthiwatDam', 'SitthiwatDam', 'SitthiwatDam', 'SitthiwatDam', 'amanda11233', 'amanda11233', 'cedriclemercier', 'guntsvzz', 'guntsvzz', 'guntsvzz', 'guntsvzz', 'anuj-guptaa', 'anuj-guptaa', 'anuj-guptaa', 'anuj-guptaa', 'anuj-guptaa', 'amanda11233', 'amanda11233', 'amanda11233', 'amanda11233', 'cedriclemercier', 'cedriclemercier', 'akraradets', 'cedriclemercier', 'SitthiwatDam', 'Rakshya8', 'anuj-guptaa', 'SitthiwatDam', 'anuj-guptaa', 'amanda11233', 'anuj-guptaa', 'SitthiwatDam', 'guntsvzz', 'SitthiwatDam', 'guntsvzz']"
PVTI_lADOCU5NV84AcKb4zgMdAU0,DRAFT_ISSUE,Create a workflow to accept prompt/PDFs/organizational profile and generate multiple text,Done,Iteration 1,0.0,0.0,"['akraradets', 'anuj-guptaa', 'guntsvzz', 'anuj-guptaa', 'akraradets', 'cedriclemercier', 'cedriclemercier', 'cedriclemercier', 'amanda11233', 'amanda11233', 'amanda11233', 'amanda11233', 'amanda11233', 'cedriclemercier', 'amanda11233', 'cedriclemercier', 'amanda11233', 'cedriclemercier', 'amanda11233', 'cedriclemercier', 'SitthiwatDam', 'SitthiwatDam', 'SitthiwatDam', 'SitthiwatDam', 'SitthiwatDam', 'SitthiwatDam', 'amanda11233', 'amanda11233', 'cedriclemercier', 'guntsvzz', 'guntsvzz', 'guntsvzz', 'guntsvzz', 'anuj-guptaa', 'anuj-guptaa', 'anuj-guptaa', 'anuj-guptaa', 'anuj-guptaa', 'amanda11233', 'amanda11233', 'amanda11233', 'amanda11233', 'cedriclemercier', 'cedriclemercier', 'akraradets', 'cedriclemercier', 'SitthiwatDam', 'Rakshya8', 'anuj-guptaa', 'SitthiwatDam', 'anuj-guptaa', 'amanda11233', 'anuj-guptaa', 'SitthiwatDam', 'guntsvzz', 'SitthiwatDam', 'guntsvzz']"
PVTI_lADOCU5NV84AcKb4zgMdAP4,ISSUE,Create a workflow to accept prompt and generate Image using DALLE3 (quality is not guaranteed),Done,Iteration 1,0.0,0.0,"['akraradets', 'anuj-guptaa', 'guntsvzz', 'anuj-guptaa', 'akraradets', 'cedriclemercier', 'cedriclemercier', 'cedriclemercier', 'amanda11233', 'amanda11233', 'amanda11233', 'amanda11233', 'amanda11233', 'cedriclemercier', 'amanda11233', 'cedriclemercier', 'amanda11233', 'cedriclemercier', 'amanda11233', 'cedriclemercier', 'SitthiwatDam', 'SitthiwatDam', 'SitthiwatDam', 'SitthiwatDam', 'SitthiwatDam', 'SitthiwatDam', 'amanda11233', 'amanda11233', 'cedriclemercier', 'guntsvzz', 'guntsvzz', 'guntsvzz', 'guntsvzz', 'anuj-guptaa', 'anuj-guptaa', 'anuj-guptaa', 'anuj-guptaa', 'anuj-guptaa', 'amanda11233', 'amanda11233', 'amanda11233', 'amanda11233', 'cedriclemercier', 'cedriclemercier', 'akraradets', 'cedriclemercier', 'SitthiwatDam', 'Rakshya8', 'anuj-guptaa', 'SitthiwatDam', 'anuj-guptaa', 'amanda11233', 'anuj-guptaa', 'SitthiwatDam', 'guntsvzz', 'SitthiwatDam', 'guntsvzz']"
PVTI_lADOCU5NV84AcKb4zgMdAdU,DRAFT_ISSUE,Create a workflow that can accept field CSV and generate table/graph jpg (quality is not guaranteed),Done,Iteration 1,0.0,0.0,"['akraradets', 'anuj-guptaa', 'guntsvzz', 'anuj-guptaa', 'akraradets', 'cedriclemercier', 'cedriclemercier', 'cedriclemercier', 'amanda11233', 'amanda11233', 'amanda11233', 'amanda11233', 'amanda11233', 'cedriclemercier', 'amanda11233', 'cedriclemercier', 'amanda11233', 'cedriclemercier', 'amanda11233', 'cedriclemercier', 'SitthiwatDam', 'SitthiwatDam', 'SitthiwatDam', 'SitthiwatDam', 'SitthiwatDam', 'SitthiwatDam', 'amanda11233', 'amanda11233', 'cedriclemercier', 'guntsvzz', 'guntsvzz', 'guntsvzz', 'guntsvzz', 'anuj-guptaa', 'anuj-guptaa', 'anuj-guptaa', 'anuj-guptaa', 'anuj-guptaa', 'amanda11233', 'amanda11233', 'amanda11233', 'amanda11233', 'cedriclemercier', 'cedriclemercier', 'akraradets', 'cedriclemercier', 'SitthiwatDam', 'Rakshya8', 'anuj-guptaa', 'SitthiwatDam', 'anuj-guptaa', 'amanda11233', 'anuj-guptaa', 'SitthiwatDam', 'guntsvzz', 'SitthiwatDam', 'guntsvzz']"
PVTI_lADOCU5NV84AcKb4zgMtnkU,ISSUE,Save files that user upload via the upload button into blob storage,Done,Iteration 1,0.0,0.0,"['akraradets', 'anuj-guptaa', 'guntsvzz', 'anuj-guptaa', 'akraradets', 'cedriclemercier', 'cedriclemercier', 'cedriclemercier', 'amanda11233', 'amanda11233', 'amanda11233', 'amanda11233', 'amanda11233', 'cedriclemercier', 'amanda11233', 'cedriclemercier', 'amanda11233', 'cedriclemercier', 'amanda11233', 'cedriclemercier', 'SitthiwatDam', 'SitthiwatDam', 'SitthiwatDam', 'SitthiwatDam', 'SitthiwatDam', 'SitthiwatDam', 'amanda11233', 'amanda11233', 'cedriclemercier', 'guntsvzz', 'guntsvzz', 'guntsvzz', 'guntsvzz', 'anuj-guptaa', 'anuj-guptaa', 'anuj-guptaa', 'anuj-guptaa', 'anuj-guptaa', 'amanda11233', 'amanda11233', 'amanda11233', 'amanda11233', 'cedriclemercier', 'cedriclemercier', 'akraradets', 'cedriclemercier', 'SitthiwatDam', 'Rakshya8', 'anuj-guptaa', 'SitthiwatDam', 'anuj-guptaa', 'amanda11233', 'anuj-guptaa', 'SitthiwatDam', 'guntsvzz', 'SitthiwatDam', 'guntsvzz']"
PVTI_lADOCU5NV84AcKb4zgMelyc,DRAFT_ISSUE,Investigate FlowAccount,Done,Iteration 1,0.0,0.0,"['akraradets', 'anuj-guptaa', 'guntsvzz', 'anuj-guptaa', 'akraradets', 'cedriclemercier', 'cedriclemercier', 'cedriclemercier', 'amanda11233', 'amanda11233', 'amanda11233', 'amanda11233', 'amanda11233', 'cedriclemercier', 'amanda11233', 'cedriclemercier', 'amanda11233', 'cedriclemercier', 'amanda11233', 'cedriclemercier', 'SitthiwatDam', 'SitthiwatDam', 'SitthiwatDam', 'SitthiwatDam', 'SitthiwatDam', 'SitthiwatDam', 'amanda11233', 'amanda11233', 'cedriclemercier', 'guntsvzz', 'guntsvzz', 'guntsvzz', 'guntsvzz', 'anuj-guptaa', 'anuj-guptaa', 'anuj-guptaa', 'anuj-guptaa', 'anuj-guptaa', 'amanda11233', 'amanda11233', 'amanda11233', 'amanda11233', 'cedriclemercier', 'cedriclemercier', 'akraradets', 'cedriclemercier', 'SitthiwatDam', 'Rakshya8', 'anuj-guptaa', 'SitthiwatDam', 'anuj-guptaa', 'amanda11233', 'anuj-guptaa', 'SitthiwatDam', 'guntsvzz', 'SitthiwatDam', 'guntsvzz']"
PVTI_lADOCU5NV84AcKb4zgMtnvk,ISSUE,Uploaded file validation,Done,Iteration 1,0.0,0.0,"['akraradets', 'anuj-guptaa', 'guntsvzz', 'anuj-guptaa', 'akraradets', 'cedriclemercier', 'cedriclemercier', 'cedriclemercier', 'amanda11233', 'amanda11233', 'amanda11233', 'amanda11233', 'amanda11233', 'cedriclemercier', 'amanda11233', 'cedriclemercier', 'amanda11233', 'cedriclemercier', 'amanda11233', 'cedriclemercier', 'SitthiwatDam', 'SitthiwatDam', 'SitthiwatDam', 'SitthiwatDam', 'SitthiwatDam', 'SitthiwatDam', 'amanda11233', 'amanda11233', 'cedriclemercier', 'guntsvzz', 'guntsvzz', 'guntsvzz', 'guntsvzz', 'anuj-guptaa', 'anuj-guptaa', 'anuj-guptaa', 'anuj-guptaa', 'anuj-guptaa', 'amanda11233', 'amanda11233', 'amanda11233', 'amanda11233', 'cedriclemercier', 'cedriclemercier', 'akraradets', 'cedriclemercier', 'SitthiwatDam', 'Rakshya8', 'anuj-guptaa', 'SitthiwatDam', 'anuj-guptaa', 'amanda11233', 'anuj-guptaa', 'SitthiwatDam', 'guntsvzz', 'SitthiwatDam', 'guntsvzz']"
PVTI_lADOCU5NV84AcKb4zgMksRQ,DRAFT_ISSUE,connect flow account API and extract information,Done,Iteration 1,0.0,0.0,"['akraradets', 'anuj-guptaa', 'guntsvzz', 'anuj-guptaa', 'akraradets', 'cedriclemercier', 'cedriclemercier', 'cedriclemercier', 'amanda11233', 'amanda11233', 'amanda11233', 'amanda11233', 'amanda11233', 'cedriclemercier', 'amanda11233', 'cedriclemercier', 'amanda11233', 'cedriclemercier', 'amanda11233', 'cedriclemercier', 'SitthiwatDam', 'SitthiwatDam', 'SitthiwatDam', 'SitthiwatDam', 'SitthiwatDam', 'SitthiwatDam', 'amanda11233', 'amanda11233', 'cedriclemercier', 'guntsvzz', 'guntsvzz', 'guntsvzz', 'guntsvzz', 'anuj-guptaa', 'anuj-guptaa', 'anuj-guptaa', 'anuj-guptaa', 'anuj-guptaa', 'amanda11233', 'amanda11233', 'amanda11233', 'amanda11233', 'cedriclemercier', 'cedriclemercier', 'akraradets', 'cedriclemercier', 'SitthiwatDam', 'Rakshya8', 'anuj-guptaa', 'SitthiwatDam', 'anuj-guptaa', 'amanda11233', 'anuj-guptaa', 'SitthiwatDam', 'guntsvzz', 'SitthiwatDam', 'guntsvzz']"
PVTI_lADOCU5NV84AcKb4zgMksP8,ISSUE,create placeholder form for the financial part,Done,Iteration 1,0.0,0.0,"['akraradets', 'anuj-guptaa', 'guntsvzz', 'anuj-guptaa', 'akraradets', 'cedriclemercier', 'cedriclemercier', 'cedriclemercier', 'amanda11233', 'amanda11233', 'amanda11233', 'amanda11233', 'amanda11233', 'cedriclemercier', 'amanda11233', 'cedriclemercier', 'amanda11233', 'cedriclemercier', 'amanda11233', 'cedriclemercier', 'SitthiwatDam', 'SitthiwatDam', 'SitthiwatDam', 'SitthiwatDam', 'SitthiwatDam', 'SitthiwatDam', 'amanda11233', 'amanda11233', 'cedriclemercier', 'guntsvzz', 'guntsvzz', 'guntsvzz', 'guntsvzz', 'anuj-guptaa', 'anuj-guptaa', 'anuj-guptaa', 'anuj-guptaa', 'anuj-guptaa', 'amanda11233', 'amanda11233', 'amanda11233', 'amanda11233', 'cedriclemercier', 'cedriclemercier', 'akraradets', 'cedriclemercier', 'SitthiwatDam', 'Rakshya8', 'anuj-guptaa', 'SitthiwatDam', 'anuj-guptaa', 'amanda11233', 'anuj-guptaa', 'SitthiwatDam', 'guntsvzz', 'SitthiwatDam', 'guntsvzz']"
PVTI_lADOCU5NV84AcKb4zgMkr6I,DRAFT_ISSUE,Include HTML table in the PDF,Backlog,Iteration 2,0.0,0.0,"['akraradets', 'anuj-guptaa', 'guntsvzz', 'anuj-guptaa', 'akraradets', 'cedriclemercier', 'cedriclemercier', 'cedriclemercier', 'amanda11233', 'amanda11233', 'amanda11233', 'amanda11233', 'amanda11233', 'cedriclemercier', 'amanda11233', 'cedriclemercier', 'amanda11233', 'cedriclemercier', 'amanda11233', 'cedriclemercier', 'SitthiwatDam', 'SitthiwatDam', 'SitthiwatDam', 'SitthiwatDam', 'SitthiwatDam', 'SitthiwatDam', 'amanda11233', 'amanda11233', 'cedriclemercier', 'guntsvzz', 'guntsvzz', 'guntsvzz', 'guntsvzz', 'anuj-guptaa', 'anuj-guptaa', 'anuj-guptaa', 'anuj-guptaa', 'anuj-guptaa', 'amanda11233', 'amanda11233', 'amanda11233', 'amanda11233', 'cedriclemercier', 'cedriclemercier', 'akraradets', 'cedriclemercier', 'SitthiwatDam', 'Rakshya8', 'anuj-guptaa', 'SitthiwatDam', 'anuj-guptaa', 'amanda11233', 'anuj-guptaa', 'SitthiwatDam', 'guntsvzz', 'SitthiwatDam', 'guntsvzz']"
PVTI_lADOCU5NV84AcKb4zgMrlI4,DRAFT_ISSUE,Add dynamic Topic selection and form content.,None,Iteration 2,0.0,0.0,"['akraradets', 'anuj-guptaa', 'guntsvzz', 'anuj-guptaa', 'akraradets', 'cedriclemercier', 'cedriclemercier', 'cedriclemercier', 'amanda11233', 'amanda11233', 'amanda11233', 'amanda11233', 'amanda11233', 'cedriclemercier', 'amanda11233', 'cedriclemercier', 'amanda11233', 'cedriclemercier', 'amanda11233', 'cedriclemercier', 'SitthiwatDam', 'SitthiwatDam', 'SitthiwatDam', 'SitthiwatDam', 'SitthiwatDam', 'SitthiwatDam', 'amanda11233', 'amanda11233', 'cedriclemercier', 'guntsvzz', 'guntsvzz', 'guntsvzz', 'guntsvzz', 'anuj-guptaa', 'anuj-guptaa', 'anuj-guptaa', 'anuj-guptaa', 'anuj-guptaa', 'amanda11233', 'amanda11233', 'amanda11233', 'amanda11233', 'cedriclemercier', 'cedriclemercier', 'akraradets', 'cedriclemercier', 'SitthiwatDam', 'Rakshya8', 'anuj-guptaa', 'SitthiwatDam', 'anuj-guptaa', 'amanda11233', 'anuj-guptaa', 'SitthiwatDam', 'guntsvzz', 'SitthiwatDam', 'guntsvzz']"
PVTI_lADOCU5NV84AcKb4zgMpz2k,DRAFT_ISSUE,Add validations ESG report page,In progress,Iteration 2,0.0,0.0,"['akraradets', 'anuj-guptaa', 'guntsvzz', 'anuj-guptaa', 'akraradets', 'cedriclemercier', 'cedriclemercier', 'cedriclemercier', 'amanda11233', 'amanda11233', 'amanda11233', 'amanda11233', 'amanda11233', 'cedriclemercier', 'amanda11233', 'cedriclemercier', 'amanda11233', 'cedriclemercier', 'amanda11233', 'cedriclemercier', 'SitthiwatDam', 'SitthiwatDam', 'SitthiwatDam', 'SitthiwatDam', 'SitthiwatDam', 'SitthiwatDam', 'amanda11233', 'amanda11233', 'cedriclemercier', 'guntsvzz', 'guntsvzz', 'guntsvzz', 'guntsvzz', 'anuj-guptaa', 'anuj-guptaa', 'anuj-guptaa', 'anuj-guptaa', 'anuj-guptaa', 'amanda11233', 'amanda11233', 'amanda11233', 'amanda11233', 'cedriclemercier', 'cedriclemercier', 'akraradets', 'cedriclemercier', 'SitthiwatDam', 'Rakshya8', 'anuj-guptaa', 'SitthiwatDam', 'anuj-guptaa', 'amanda11233', 'anuj-guptaa', 'SitthiwatDam', 'guntsvzz', 'SitthiwatDam', 'guntsvzz']"
PVTI_lADOCU5NV84AcKb4zgMnGuw,DRAFT_ISSUE,Create a form draft system.,In progress,Iteration 2,0.0,0.0,"['akraradets', 'anuj-guptaa', 'guntsvzz', 'anuj-guptaa', 'akraradets', 'cedriclemercier', 'cedriclemercier', 'cedriclemercier', 'amanda11233', 'amanda11233', 'amanda11233', 'amanda11233', 'amanda11233', 'cedriclemercier', 'amanda11233', 'cedriclemercier', 'amanda11233', 'cedriclemercier', 'amanda11233', 'cedriclemercier', 'SitthiwatDam', 'SitthiwatDam', 'SitthiwatDam', 'SitthiwatDam', 'SitthiwatDam', 'SitthiwatDam', 'amanda11233', 'amanda11233', 'cedriclemercier', 'guntsvzz', 'guntsvzz', 'guntsvzz', 'guntsvzz', 'anuj-guptaa', 'anuj-guptaa', 'anuj-guptaa', 'anuj-guptaa', 'anuj-guptaa', 'amanda11233', 'amanda11233', 'amanda11233', 'amanda11233', 'cedriclemercier', 'cedriclemercier', 'akraradets', 'cedriclemercier', 'SitthiwatDam', 'Rakshya8', 'anuj-guptaa', 'SitthiwatDam', 'anuj-guptaa', 'amanda11233', 'anuj-guptaa', 'SitthiwatDam', 'guntsvzz', 'SitthiwatDam', 'guntsvzz']"
PVTI_lADOCU5NV84AcKb4zgMjHvc,DRAFT_ISSUE,Dynamic HTML DOM building with multiple layouts,In progress,Iteration 2,0.0,0.0,"['akraradets', 'anuj-guptaa', 'guntsvzz', 'anuj-guptaa', 'akraradets', 'cedriclemercier', 'cedriclemercier', 'cedriclemercier', 'amanda11233', 'amanda11233', 'amanda11233', 'amanda11233', 'amanda11233', 'cedriclemercier', 'amanda11233', 'cedriclemercier', 'amanda11233', 'cedriclemercier', 'amanda11233', 'cedriclemercier', 'SitthiwatDam', 'SitthiwatDam', 'SitthiwatDam', 'SitthiwatDam', 'SitthiwatDam', 'SitthiwatDam', 'amanda11233', 'amanda11233', 'cedriclemercier', 'guntsvzz', 'guntsvzz', 'guntsvzz', 'guntsvzz', 'anuj-guptaa', 'anuj-guptaa', 'anuj-guptaa', 'anuj-guptaa', 'anuj-guptaa', 'amanda11233', 'amanda11233', 'amanda11233', 'amanda11233', 'cedriclemercier', 'cedriclemercier', 'akraradets', 'cedriclemercier', 'SitthiwatDam', 'Rakshya8', 'anuj-guptaa', 'SitthiwatDam', 'anuj-guptaa', 'amanda11233', 'anuj-guptaa', 'SitthiwatDam', 'guntsvzz', 'SitthiwatDam', 'guntsvzz']"
PVTI_lADOCU5NV84AcKb4zgMkrFY,DRAFT_ISSUE,"Find how to generate layout with AI and categorise elements into text, replace text",Backlog,,0.0,0.0,"['akraradets', 'anuj-guptaa', 'guntsvzz', 'anuj-guptaa', 'akraradets', 'cedriclemercier', 'cedriclemercier', 'cedriclemercier', 'amanda11233', 'amanda11233', 'amanda11233', 'amanda11233', 'amanda11233', 'cedriclemercier', 'amanda11233', 'cedriclemercier', 'amanda11233', 'cedriclemercier', 'amanda11233', 'cedriclemercier', 'SitthiwatDam', 'SitthiwatDam', 'SitthiwatDam', 'SitthiwatDam', 'SitthiwatDam', 'SitthiwatDam', 'amanda11233', 'amanda11233', 'cedriclemercier', 'guntsvzz', 'guntsvzz', 'guntsvzz', 'guntsvzz', 'anuj-guptaa', 'anuj-guptaa', 'anuj-guptaa', 'anuj-guptaa', 'anuj-guptaa', 'amanda11233', 'amanda11233', 'amanda11233', 'amanda11233', 'cedriclemercier', 'cedriclemercier', 'akraradets', 'cedriclemercier', 'SitthiwatDam', 'Rakshya8', 'anuj-guptaa', 'SitthiwatDam', 'anuj-guptaa', 'amanda11233', 'anuj-guptaa', 'SitthiwatDam', 'guntsvzz', 'SitthiwatDam', 'guntsvzz']"
PVTI_lADOCU5NV84AcKb4zgMepNg,DRAFT_ISSUE,Study PDPA and check if we are breaking any rules,Backlog,Iteration 2,0.0,0.0,"['akraradets', 'anuj-guptaa', 'guntsvzz', 'anuj-guptaa', 'akraradets', 'cedriclemercier', 'cedriclemercier', 'cedriclemercier', 'amanda11233', 'amanda11233', 'amanda11233', 'amanda11233', 'amanda11233', 'cedriclemercier', 'amanda11233', 'cedriclemercier', 'amanda11233', 'cedriclemercier', 'amanda11233', 'cedriclemercier', 'SitthiwatDam', 'SitthiwatDam', 'SitthiwatDam', 'SitthiwatDam', 'SitthiwatDam', 'SitthiwatDam', 'amanda11233', 'amanda11233', 'cedriclemercier', 'guntsvzz', 'guntsvzz', 'guntsvzz', 'guntsvzz', 'anuj-guptaa', 'anuj-guptaa', 'anuj-guptaa', 'anuj-guptaa', 'anuj-guptaa', 'amanda11233', 'amanda11233', 'amanda11233', 'amanda11233', 'cedriclemercier', 'cedriclemercier', 'akraradets', 'cedriclemercier', 'SitthiwatDam', 'Rakshya8', 'anuj-guptaa', 'SitthiwatDam', 'anuj-guptaa', 'amanda11233', 'anuj-guptaa', 'SitthiwatDam', 'guntsvzz', 'SitthiwatDam', 'guntsvzz']"
PVTI_lADOCU5NV84AcKb4zgMyKT0,DRAFT_ISSUE,Layout templates,None,Iteration 2,0.0,0.0,"['akraradets', 'anuj-guptaa', 'guntsvzz', 'anuj-guptaa', 'akraradets', 'cedriclemercier', 'cedriclemercier', 'cedriclemercier', 'amanda11233', 'amanda11233', 'amanda11233', 'amanda11233', 'amanda11233', 'cedriclemercier', 'amanda11233', 'cedriclemercier', 'amanda11233', 'cedriclemercier', 'amanda11233', 'cedriclemercier', 'SitthiwatDam', 'SitthiwatDam', 'SitthiwatDam', 'SitthiwatDam', 'SitthiwatDam', 'SitthiwatDam', 'amanda11233', 'amanda11233', 'cedriclemercier', 'guntsvzz', 'guntsvzz', 'guntsvzz', 'guntsvzz', 'anuj-guptaa', 'anuj-guptaa', 'anuj-guptaa', 'anuj-guptaa', 'anuj-guptaa', 'amanda11233', 'amanda11233', 'amanda11233', 'amanda11233', 'cedriclemercier', 'cedriclemercier', 'akraradets', 'cedriclemercier', 'SitthiwatDam', 'Rakshya8', 'anuj-guptaa', 'SitthiwatDam', 'anuj-guptaa', 'amanda11233', 'anuj-guptaa', 'SitthiwatDam', 'guntsvzz', 'SitthiwatDam', 'guntsvzz']"
PVTI_lADOCU5NV84AcKb4zgMzevE,DRAFT_ISSUE,Mockups of the detailed inside the forms for ESG Metrics (Full version),In progress,Iteration 2,0.0,0.0,"['akraradets', 'anuj-guptaa', 'guntsvzz', 'anuj-guptaa', 'akraradets', 'cedriclemercier', 'cedriclemercier', 'cedriclemercier', 'amanda11233', 'amanda11233', 'amanda11233', 'amanda11233', 'amanda11233', 'cedriclemercier', 'amanda11233', 'cedriclemercier', 'amanda11233', 'cedriclemercier', 'amanda11233', 'cedriclemercier', 'SitthiwatDam', 'SitthiwatDam', 'SitthiwatDam', 'SitthiwatDam', 'SitthiwatDam', 'SitthiwatDam', 'amanda11233', 'amanda11233', 'cedriclemercier', 'guntsvzz', 'guntsvzz', 'guntsvzz', 'guntsvzz', 'anuj-guptaa', 'anuj-guptaa', 'anuj-guptaa', 'anuj-guptaa', 'anuj-guptaa', 'amanda11233', 'amanda11233', 'amanda11233', 'amanda11233', 'cedriclemercier', 'cedriclemercier', 'akraradets', 'cedriclemercier', 'SitthiwatDam', 'Rakshya8', 'anuj-guptaa', 'SitthiwatDam', 'anuj-guptaa', 'amanda11233', 'anuj-guptaa', 'SitthiwatDam', 'guntsvzz', 'SitthiwatDam', 'guntsvzz']"
PVTI_lADOCU5NV84AcKb4zgM13dM,DRAFT_ISSUE,Complete user authentication integration with sessions,In progress,Iteration 2,0.0,0.0,"['akraradets', 'anuj-guptaa', 'guntsvzz', 'anuj-guptaa', 'akraradets', 'cedriclemercier', 'cedriclemercier', 'cedriclemercier', 'amanda11233', 'amanda11233', 'amanda11233', 'amanda11233', 'amanda11233', 'cedriclemercier', 'amanda11233', 'cedriclemercier', 'amanda11233', 'cedriclemercier', 'amanda11233', 'cedriclemercier', 'SitthiwatDam', 'SitthiwatDam', 'SitthiwatDam', 'SitthiwatDam', 'SitthiwatDam', 'SitthiwatDam', 'amanda11233', 'amanda11233', 'cedriclemercier', 'guntsvzz', 'guntsvzz', 'guntsvzz', 'guntsvzz', 'anuj-guptaa', 'anuj-guptaa', 'anuj-guptaa', 'anuj-guptaa', 'anuj-guptaa', 'amanda11233', 'amanda11233', 'amanda11233', 'amanda11233', 'cedriclemercier', 'cedriclemercier', 'akraradets', 'cedriclemercier', 'SitthiwatDam', 'Rakshya8', 'anuj-guptaa', 'SitthiwatDam', 'anuj-guptaa', 'amanda11233', 'anuj-guptaa', 'SitthiwatDam', 'guntsvzz', 'SitthiwatDam', 'guntsvzz']"
PVTI_lADOCU5NV84AcKb4zgMc_iM,DRAFT_ISSUE,Draft the Preview Mockup with expected output,None,Iteration 2,0.0,0.0,"['akraradets', 'anuj-guptaa', 'guntsvzz', 'anuj-guptaa', 'akraradets', 'cedriclemercier', 'cedriclemercier', 'cedriclemercier', 'amanda11233', 'amanda11233', 'amanda11233', 'amanda11233', 'amanda11233', 'cedriclemercier', 'amanda11233', 'cedriclemercier', 'amanda11233', 'cedriclemercier', 'amanda11233', 'cedriclemercier', 'SitthiwatDam', 'SitthiwatDam', 'SitthiwatDam', 'SitthiwatDam', 'SitthiwatDam', 'SitthiwatDam', 'amanda11233', 'amanda11233', 'cedriclemercier', 'guntsvzz', 'guntsvzz', 'guntsvzz', 'guntsvzz', 'anuj-guptaa', 'anuj-guptaa', 'anuj-guptaa', 'anuj-guptaa', 'anuj-guptaa', 'amanda11233', 'amanda11233', 'amanda11233', 'amanda11233', 'cedriclemercier', 'cedriclemercier', 'akraradets', 'cedriclemercier', 'SitthiwatDam', 'Rakshya8', 'anuj-guptaa', 'SitthiwatDam', 'anuj-guptaa', 'amanda11233', 'anuj-guptaa', 'SitthiwatDam', 'guntsvzz', 'SitthiwatDam', 'guntsvzz']"
PVTI_lADOCU5NV84AcKb4zgMksSE,DRAFT_ISSUE,send Amanda json,Backlog,Iteration 2,0.0,0.0,"['akraradets', 'anuj-guptaa', 'guntsvzz', 'anuj-guptaa', 'akraradets', 'cedriclemercier', 'cedriclemercier', 'cedriclemercier', 'amanda11233', 'amanda11233', 'amanda11233', 'amanda11233', 'amanda11233', 'cedriclemercier', 'amanda11233', 'cedriclemercier', 'amanda11233', 'cedriclemercier', 'amanda11233', 'cedriclemercier', 'SitthiwatDam', 'SitthiwatDam', 'SitthiwatDam', 'SitthiwatDam', 'SitthiwatDam', 'SitthiwatDam', 'amanda11233', 'amanda11233', 'cedriclemercier', 'guntsvzz', 'guntsvzz', 'guntsvzz', 'guntsvzz', 'anuj-guptaa', 'anuj-guptaa', 'anuj-guptaa', 'anuj-guptaa', 'anuj-guptaa', 'amanda11233', 'amanda11233', 'amanda11233', 'amanda11233', 'cedriclemercier', 'cedriclemercier', 'akraradets', 'cedriclemercier', 'SitthiwatDam', 'Rakshya8', 'anuj-guptaa', 'SitthiwatDam', 'anuj-guptaa', 'amanda11233', 'anuj-guptaa', 'SitthiwatDam', 'guntsvzz', 'SitthiwatDam', 'guntsvzz']"
PVTI_lADOCU5NV84AcKb4zgMtm2Q,ISSUE,Dashboard - CRUD functionality,None,Iteration 2,0.0,0.0,"['akraradets', 'anuj-guptaa', 'guntsvzz', 'anuj-guptaa', 'akraradets', 'cedriclemercier', 'cedriclemercier', 'cedriclemercier', 'amanda11233', 'amanda11233', 'amanda11233', 'amanda11233', 'amanda11233', 'cedriclemercier', 'amanda11233', 'cedriclemercier', 'amanda11233', 'cedriclemercier', 'amanda11233', 'cedriclemercier', 'SitthiwatDam', 'SitthiwatDam', 'SitthiwatDam', 'SitthiwatDam', 'SitthiwatDam', 'SitthiwatDam', 'amanda11233', 'amanda11233', 'cedriclemercier', 'guntsvzz', 'guntsvzz', 'guntsvzz', 'guntsvzz', 'anuj-guptaa', 'anuj-guptaa', 'anuj-guptaa', 'anuj-guptaa', 'anuj-guptaa', 'amanda11233', 'amanda11233', 'amanda11233', 'amanda11233', 'cedriclemercier', 'cedriclemercier', 'akraradets', 'cedriclemercier', 'SitthiwatDam', 'Rakshya8', 'anuj-guptaa', 'SitthiwatDam', 'anuj-guptaa', 'amanda11233', 'anuj-guptaa', 'SitthiwatDam', 'guntsvzz', 'SitthiwatDam', 'guntsvzz']"
PVTI_lADOCU5NV84AcKb4zgMtnG0,ISSUE,CRUD functionality for the Organization Profile page,None,Iteration 2,0.0,0.0,"['akraradets', 'anuj-guptaa', 'guntsvzz', 'anuj-guptaa', 'akraradets', 'cedriclemercier', 'cedriclemercier', 'cedriclemercier', 'amanda11233', 'amanda11233', 'amanda11233', 'amanda11233', 'amanda11233', 'cedriclemercier', 'amanda11233', 'cedriclemercier', 'amanda11233', 'cedriclemercier', 'amanda11233', 'cedriclemercier', 'SitthiwatDam', 'SitthiwatDam', 'SitthiwatDam', 'SitthiwatDam', 'SitthiwatDam', 'SitthiwatDam', 'amanda11233', 'amanda11233', 'cedriclemercier', 'guntsvzz', 'guntsvzz', 'guntsvzz', 'guntsvzz', 'anuj-guptaa', 'anuj-guptaa', 'anuj-guptaa', 'anuj-guptaa', 'anuj-guptaa', 'amanda11233', 'amanda11233', 'amanda11233', 'amanda11233', 'cedriclemercier', 'cedriclemercier', 'akraradets', 'cedriclemercier', 'SitthiwatDam', 'Rakshya8', 'anuj-guptaa', 'SitthiwatDam', 'anuj-guptaa', 'amanda11233', 'anuj-guptaa', 'SitthiwatDam', 'guntsvzz', 'SitthiwatDam', 'guntsvzz']"
PVTI_lADOCU5NV84AcKb4zgMzYcg,ISSUE,Create new mockup for financial part for pitching to Raymond,None,Iteration 2,0.0,0.0,"['akraradets', 'anuj-guptaa', 'guntsvzz', 'anuj-guptaa', 'akraradets', 'cedriclemercier', 'cedriclemercier', 'cedriclemercier', 'amanda11233', 'amanda11233', 'amanda11233', 'amanda11233', 'amanda11233', 'cedriclemercier', 'amanda11233', 'cedriclemercier', 'amanda11233', 'cedriclemercier', 'amanda11233', 'cedriclemercier', 'SitthiwatDam', 'SitthiwatDam', 'SitthiwatDam', 'SitthiwatDam', 'SitthiwatDam', 'SitthiwatDam', 'amanda11233', 'amanda11233', 'cedriclemercier', 'guntsvzz', 'guntsvzz', 'guntsvzz', 'guntsvzz', 'anuj-guptaa', 'anuj-guptaa', 'anuj-guptaa', 'anuj-guptaa', 'anuj-guptaa', 'amanda11233', 'amanda11233', 'amanda11233', 'amanda11233', 'cedriclemercier', 'cedriclemercier', 'akraradets', 'cedriclemercier', 'SitthiwatDam', 'Rakshya8', 'anuj-guptaa', 'SitthiwatDam', 'anuj-guptaa', 'amanda11233', 'anuj-guptaa', 'SitthiwatDam', 'guntsvzz', 'SitthiwatDam', 'guntsvzz']"
PVTI_lADOCU5NV84AcKb4zgMzWvM,ISSUE,Explore cost effective solution to replace PSPPDF,None,,0.0,0.0,"['akraradets', 'anuj-guptaa', 'guntsvzz', 'anuj-guptaa', 'akraradets', 'cedriclemercier', 'cedriclemercier', 'cedriclemercier', 'amanda11233', 'amanda11233', 'amanda11233', 'amanda11233', 'amanda11233', 'cedriclemercier', 'amanda11233', 'cedriclemercier', 'amanda11233', 'cedriclemercier', 'amanda11233', 'cedriclemercier', 'SitthiwatDam', 'SitthiwatDam', 'SitthiwatDam', 'SitthiwatDam', 'SitthiwatDam', 'SitthiwatDam', 'amanda11233', 'amanda11233', 'cedriclemercier', 'guntsvzz', 'guntsvzz', 'guntsvzz', 'guntsvzz', 'anuj-guptaa', 'anuj-guptaa', 'anuj-guptaa', 'anuj-guptaa', 'anuj-guptaa', 'amanda11233', 'amanda11233', 'amanda11233', 'amanda11233', 'cedriclemercier', 'cedriclemercier', 'akraradets', 'cedriclemercier', 'SitthiwatDam', 'Rakshya8', 'anuj-guptaa', 'SitthiwatDam', 'anuj-guptaa', 'amanda11233', 'anuj-guptaa', 'SitthiwatDam', 'guntsvzz', 'SitthiwatDam', 'guntsvzz']"
PVTI_lADOCU5NV84AcKb4zgMzi3Y,ISSUE,"Integrate everything into one working app, for pitching to Raymond",Backlog,Iteration 2,0.0,0.0,"['akraradets', 'anuj-guptaa', 'guntsvzz', 'anuj-guptaa', 'akraradets', 'cedriclemercier', 'cedriclemercier', 'cedriclemercier', 'amanda11233', 'amanda11233', 'amanda11233', 'amanda11233', 'amanda11233', 'cedriclemercier', 'amanda11233', 'cedriclemercier', 'amanda11233', 'cedriclemercier', 'amanda11233', 'cedriclemercier', 'SitthiwatDam', 'SitthiwatDam', 'SitthiwatDam', 'SitthiwatDam', 'SitthiwatDam', 'SitthiwatDam', 'amanda11233', 'amanda11233', 'cedriclemercier', 'guntsvzz', 'guntsvzz', 'guntsvzz', 'guntsvzz', 'anuj-guptaa', 'anuj-guptaa', 'anuj-guptaa', 'anuj-guptaa', 'anuj-guptaa', 'amanda11233', 'amanda11233', 'amanda11233', 'amanda11233', 'cedriclemercier', 'cedriclemercier', 'akraradets', 'cedriclemercier', 'SitthiwatDam', 'Rakshya8', 'anuj-guptaa', 'SitthiwatDam', 'anuj-guptaa', 'amanda11233', 'anuj-guptaa', 'SitthiwatDam', 'guntsvzz', 'SitthiwatDam', 'guntsvzz']"
PVTI_lADOCU5NV84AcKb4zgMzi38,ISSUE,Supports 10 layouts of PDF that user can choose,Backlog,Iteration 2,0.0,0.0,"['akraradets', 'anuj-guptaa', 'guntsvzz', 'anuj-guptaa', 'akraradets', 'cedriclemercier', 'cedriclemercier', 'cedriclemercier', 'amanda11233', 'amanda11233', 'amanda11233', 'amanda11233', 'amanda11233', 'cedriclemercier', 'amanda11233', 'cedriclemercier', 'amanda11233', 'cedriclemercier', 'amanda11233', 'cedriclemercier', 'SitthiwatDam', 'SitthiwatDam', 'SitthiwatDam', 'SitthiwatDam', 'SitthiwatDam', 'SitthiwatDam', 'amanda11233', 'amanda11233', 'cedriclemercier', 'guntsvzz', 'guntsvzz', 'guntsvzz', 'guntsvzz', 'anuj-guptaa', 'anuj-guptaa', 'anuj-guptaa', 'anuj-guptaa', 'anuj-guptaa', 'amanda11233', 'amanda11233', 'amanda11233', 'amanda11233', 'cedriclemercier', 'cedriclemercier', 'akraradets', 'cedriclemercier', 'SitthiwatDam', 'Rakshya8', 'anuj-guptaa', 'SitthiwatDam', 'anuj-guptaa', 'amanda11233', 'anuj-guptaa', 'SitthiwatDam', 'guntsvzz', 'SitthiwatDam', 'guntsvzz']"
PVTI_lADOCU5NV84AcKb4zgMzi4w,ISSUE,Mockup for financial report section,Backlog,Iteration 2,0.0,0.0,"['akraradets', 'anuj-guptaa', 'guntsvzz', 'anuj-guptaa', 'akraradets', 'cedriclemercier', 'cedriclemercier', 'cedriclemercier', 'amanda11233', 'amanda11233', 'amanda11233', 'amanda11233', 'amanda11233', 'cedriclemercier', 'amanda11233', 'cedriclemercier', 'amanda11233', 'cedriclemercier', 'amanda11233', 'cedriclemercier', 'SitthiwatDam', 'SitthiwatDam', 'SitthiwatDam', 'SitthiwatDam', 'SitthiwatDam', 'SitthiwatDam', 'amanda11233', 'amanda11233', 'cedriclemercier', 'guntsvzz', 'guntsvzz', 'guntsvzz', 'guntsvzz', 'anuj-guptaa', 'anuj-guptaa', 'anuj-guptaa', 'anuj-guptaa', 'anuj-guptaa', 'amanda11233', 'amanda11233', 'amanda11233', 'amanda11233', 'cedriclemercier', 'cedriclemercier', 'akraradets', 'cedriclemercier', 'SitthiwatDam', 'Rakshya8', 'anuj-guptaa', 'SitthiwatDam', 'anuj-guptaa', 'amanda11233', 'anuj-guptaa', 'SitthiwatDam', 'guntsvzz', 'SitthiwatDam', 'guntsvzz']"
PVTI_lADOCU5NV84AcKb4zgMzi6k,ISSUE,"Model should generate text that comply to E, S, G standards",Backlog,Iteration 2,0.0,0.0,"['akraradets', 'anuj-guptaa', 'guntsvzz', 'anuj-guptaa', 'akraradets', 'cedriclemercier', 'cedriclemercier', 'cedriclemercier', 'amanda11233', 'amanda11233', 'amanda11233', 'amanda11233', 'amanda11233', 'cedriclemercier', 'amanda11233', 'cedriclemercier', 'amanda11233', 'cedriclemercier', 'amanda11233', 'cedriclemercier', 'SitthiwatDam', 'SitthiwatDam', 'SitthiwatDam', 'SitthiwatDam', 'SitthiwatDam', 'SitthiwatDam', 'amanda11233', 'amanda11233', 'cedriclemercier', 'guntsvzz', 'guntsvzz', 'guntsvzz', 'guntsvzz', 'anuj-guptaa', 'anuj-guptaa', 'anuj-guptaa', 'anuj-guptaa', 'anuj-guptaa', 'amanda11233', 'amanda11233', 'amanda11233', 'amanda11233', 'cedriclemercier', 'cedriclemercier', 'akraradets', 'cedriclemercier', 'SitthiwatDam', 'Rakshya8', 'anuj-guptaa', 'SitthiwatDam', 'anuj-guptaa', 'amanda11233', 'anuj-guptaa', 'SitthiwatDam', 'guntsvzz', 'SitthiwatDam', 'guntsvzz']"
PVTI_lADOCU5NV84AcKb4zgMzi68,ISSUE,The PDF should have at least one table.,Backlog,Iteration 2,0.0,0.0,"['akraradets', 'anuj-guptaa', 'guntsvzz', 'anuj-guptaa', 'akraradets', 'cedriclemercier', 'cedriclemercier', 'cedriclemercier', 'amanda11233', 'amanda11233', 'amanda11233', 'amanda11233', 'amanda11233', 'cedriclemercier', 'amanda11233', 'cedriclemercier', 'amanda11233', 'cedriclemercier', 'amanda11233', 'cedriclemercier', 'SitthiwatDam', 'SitthiwatDam', 'SitthiwatDam', 'SitthiwatDam', 'SitthiwatDam', 'SitthiwatDam', 'amanda11233', 'amanda11233', 'cedriclemercier', 'guntsvzz', 'guntsvzz', 'guntsvzz', 'guntsvzz', 'anuj-guptaa', 'anuj-guptaa', 'anuj-guptaa', 'anuj-guptaa', 'anuj-guptaa', 'amanda11233', 'amanda11233', 'amanda11233', 'amanda11233', 'cedriclemercier', 'cedriclemercier', 'akraradets', 'cedriclemercier', 'SitthiwatDam', 'Rakshya8', 'anuj-guptaa', 'SitthiwatDam', 'anuj-guptaa', 'amanda11233', 'anuj-guptaa', 'SitthiwatDam', 'guntsvzz', 'SitthiwatDam', 'guntsvzz']"
PVTI_lADOCU5NV84AcKb4zgMzi7w,ISSUE,"Backend, Frontend, Model team each writes at least one test script and learn accordingly.",Backlog,Iteration 2,0.0,0.0,"['akraradets', 'anuj-guptaa', 'guntsvzz', 'anuj-guptaa', 'akraradets', 'cedriclemercier', 'cedriclemercier', 'cedriclemercier', 'amanda11233', 'amanda11233', 'amanda11233', 'amanda11233', 'amanda11233', 'cedriclemercier', 'amanda11233', 'cedriclemercier', 'amanda11233', 'cedriclemercier', 'amanda11233', 'cedriclemercier', 'SitthiwatDam', 'SitthiwatDam', 'SitthiwatDam', 'SitthiwatDam', 'SitthiwatDam', 'SitthiwatDam', 'amanda11233', 'amanda11233', 'cedriclemercier', 'guntsvzz', 'guntsvzz', 'guntsvzz', 'guntsvzz', 'anuj-guptaa', 'anuj-guptaa', 'anuj-guptaa', 'anuj-guptaa', 'anuj-guptaa', 'amanda11233', 'amanda11233', 'amanda11233', 'amanda11233', 'cedriclemercier', 'cedriclemercier', 'akraradets', 'cedriclemercier', 'SitthiwatDam', 'Rakshya8', 'anuj-guptaa', 'SitthiwatDam', 'anuj-guptaa', 'amanda11233', 'anuj-guptaa', 'SitthiwatDam', 'guntsvzz', 'SitthiwatDam', 'guntsvzz']"
PVTI_lADOCU5NV84AcKb4zgMzi58,ISSUE,Quality of the text generated by the model can be checked by another model (both model api and frontend),Backlog,Iteration 2,0.0,0.0,"['akraradets', 'anuj-guptaa', 'guntsvzz', 'anuj-guptaa', 'akraradets', 'cedriclemercier', 'cedriclemercier', 'cedriclemercier', 'amanda11233', 'amanda11233', 'amanda11233', 'amanda11233', 'amanda11233', 'cedriclemercier', 'amanda11233', 'cedriclemercier', 'amanda11233', 'cedriclemercier', 'amanda11233', 'cedriclemercier', 'SitthiwatDam', 'SitthiwatDam', 'SitthiwatDam', 'SitthiwatDam', 'SitthiwatDam', 'SitthiwatDam', 'amanda11233', 'amanda11233', 'cedriclemercier', 'guntsvzz', 'guntsvzz', 'guntsvzz', 'guntsvzz', 'anuj-guptaa', 'anuj-guptaa', 'anuj-guptaa', 'anuj-guptaa', 'anuj-guptaa', 'amanda11233', 'amanda11233', 'amanda11233', 'amanda11233', 'cedriclemercier', 'cedriclemercier', 'akraradets', 'cedriclemercier', 'SitthiwatDam', 'Rakshya8', 'anuj-guptaa', 'SitthiwatDam', 'anuj-guptaa', 'amanda11233', 'anuj-guptaa', 'SitthiwatDam', 'guntsvzz', 'SitthiwatDam', 'guntsvzz']"
PVTI_lADOCU5NV84AcKb4zgM5Fsk,DRAFT_ISSUE,"Create and experiment prompts for E, S, G, as well as their childrens",In progress,Iteration 2,0.0,0.0,"['akraradets', 'anuj-guptaa', 'guntsvzz', 'anuj-guptaa', 'akraradets', 'cedriclemercier', 'cedriclemercier', 'cedriclemercier', 'amanda11233', 'amanda11233', 'amanda11233', 'amanda11233', 'amanda11233', 'cedriclemercier', 'amanda11233', 'cedriclemercier', 'amanda11233', 'cedriclemercier', 'amanda11233', 'cedriclemercier', 'SitthiwatDam', 'SitthiwatDam', 'SitthiwatDam', 'SitthiwatDam', 'SitthiwatDam', 'SitthiwatDam', 'amanda11233', 'amanda11233', 'cedriclemercier', 'guntsvzz', 'guntsvzz', 'guntsvzz', 'guntsvzz', 'anuj-guptaa', 'anuj-guptaa', 'anuj-guptaa', 'anuj-guptaa', 'anuj-guptaa', 'amanda11233', 'amanda11233', 'amanda11233', 'amanda11233', 'cedriclemercier', 'cedriclemercier', 'akraradets', 'cedriclemercier', 'SitthiwatDam', 'Rakshya8', 'anuj-guptaa', 'SitthiwatDam', 'anuj-guptaa', 'amanda11233', 'anuj-guptaa', 'SitthiwatDam', 'guntsvzz', 'SitthiwatDam', 'guntsvzz']"
PVTI_lADOCU5NV84AcKb4zgM5GB8,DRAFT_ISSUE,"Create a document that explain the E, S, G standards",Review,Iteration 2,0.0,0.0,"['akraradets', 'anuj-guptaa', 'guntsvzz', 'anuj-guptaa', 'akraradets', 'cedriclemercier', 'cedriclemercier', 'cedriclemercier', 'amanda11233', 'amanda11233', 'amanda11233', 'amanda11233', 'amanda11233', 'cedriclemercier', 'amanda11233', 'cedriclemercier', 'amanda11233', 'cedriclemercier', 'amanda11233', 'cedriclemercier', 'SitthiwatDam', 'SitthiwatDam', 'SitthiwatDam', 'SitthiwatDam', 'SitthiwatDam', 'SitthiwatDam', 'amanda11233', 'amanda11233', 'cedriclemercier', 'guntsvzz', 'guntsvzz', 'guntsvzz', 'guntsvzz', 'anuj-guptaa', 'anuj-guptaa', 'anuj-guptaa', 'anuj-guptaa', 'anuj-guptaa', 'amanda11233', 'amanda11233', 'amanda11233', 'amanda11233', 'cedriclemercier', 'cedriclemercier', 'akraradets', 'cedriclemercier', 'SitthiwatDam', 'Rakshya8', 'anuj-guptaa', 'SitthiwatDam', 'anuj-guptaa', 'amanda11233', 'anuj-guptaa', 'SitthiwatDam', 'guntsvzz', 'SitthiwatDam', 'guntsvzz']"
PVTI_lADOCU5NV84AcKb4zgM5GVA,DRAFT_ISSUE,Quality of text generation,Backlog,Iteration 2,0.0,0.0,"['akraradets', 'anuj-guptaa', 'guntsvzz', 'anuj-guptaa', 'akraradets', 'cedriclemercier', 'cedriclemercier', 'cedriclemercier', 'amanda11233', 'amanda11233', 'amanda11233', 'amanda11233', 'amanda11233', 'cedriclemercier', 'amanda11233', 'cedriclemercier', 'amanda11233', 'cedriclemercier', 'amanda11233', 'cedriclemercier', 'SitthiwatDam', 'SitthiwatDam', 'SitthiwatDam', 'SitthiwatDam', 'SitthiwatDam', 'SitthiwatDam', 'amanda11233', 'amanda11233', 'cedriclemercier', 'guntsvzz', 'guntsvzz', 'guntsvzz', 'guntsvzz', 'anuj-guptaa', 'anuj-guptaa', 'anuj-guptaa', 'anuj-guptaa', 'anuj-guptaa', 'amanda11233', 'amanda11233', 'amanda11233', 'amanda11233', 'cedriclemercier', 'cedriclemercier', 'akraradets', 'cedriclemercier', 'SitthiwatDam', 'Rakshya8', 'anuj-guptaa', 'SitthiwatDam', 'anuj-guptaa', 'amanda11233', 'anuj-guptaa', 'SitthiwatDam', 'guntsvzz', 'SitthiwatDam', 'guntsvzz']"
